feature,importance
gpa,0.30546791469919987
AL_subject_2_score,0.16171763337732942
AL_subject_12_score,0.1445716795531258
OL_subject_1_score,0.10596402113020888
AL_subject_3_score,0.10507228604293069
AL_subject_5_score,0.09462510395211858
AL_subject_4_score,0.08258136124508657
